Date,03/11/2021 11:51:18
nav,21
gold,16
rs,15
b,15
amc,13
loan,11
sum,11
form,10
pe,9
c,9
pfc,8
net,8
cr,8
ugro,7
plus,6
unit,5
live,5
edit,5
ui,5
uti,4
npa,4
step,4
fds,4
r,4
mar,4
team,4
api,3
kids,3
gtt,3
site,3
tds,3
pro,3
land,3
lac,3
psa,2
ed,2
tri,2
gdp,2
gilt,2
s,2
sc,2
turn,2
cent,2
par,2
mr,2
club,2
u,2
slab,2
bill,2
ter,2
fix,2
stt,2
fast,2
info,2
peak,2
dd,2
tse,2
mo,2
g,2
uk,2
pool,2
mor,2
pure,1
cake,1
ay,1
trip,1
aug,1
l,1
ego,1
ceo,1
ach,1
camp,1
id,1
cs,1
hni,1
uan,1
esp,1
wish,1
wing,1
cio,1
txn,1
tap,1
icon,1
vc,1
db,1
eh,1
pays,1
td,1
self,1
intl,1
apt,1
sid,1
ssy,1
cmp,1
leat,1
uber,1
wow,1
nat,1
snp,1
joe,1
rev,1
mass,1
se,1
nov,1
loop,1
pru,1
dsp,1
ms,1
nine,1
d,1
e,1
f,1
rose,1
rhp,1
re,1
six,1
apr,1
geo,1

